{
  "version": 1,
  "author": "Anonymous maker",
  "editor": "wokwi",
  "parts": [
    {
      "type": "board-esp32-devkit-c-v4",
      "id": "esp",
      "top": 57.6,
      "left": 14.44,
      "attrs": { "env": "micropython-20231227-v1.22.0" }
    },
    {
      "type": "wokwi-hc-sr04",
      "id": "ultrasonic1",
      "top": -56.1,
      "left": -186.5,
      "attrs": { "distance": "9" }
    },
    {
      "type": "wokwi-dht22",
      "id": "dht1",
      "top": 105.9,
      "left": -187.8,
      "attrs": { "temperature": "35.8", "humidity": "52.5" }
    },
    { "type": "wokwi-servo", "id": "servo1", "top": -107.6, "left": 134.4, "attrs": {} },
    { "type": "wokwi-potentiometer", "id": "pot1", "top": 17.9, "left": 220.6, "attrs": {} }
  ],
  "connections": [
    [ "esp:TX", "$serialMonitor:RX", "", [] ],
    [ "esp:RX", "$serialMonitor:TX", "", [] ],
    [ "ultrasonic1:VCC", "esp:3V3", "red", [ "v0" ] ],
    [ "ultrasonic1:GND", "esp:GND.1", "black", [ "v0" ] ],
    [ "dht1:VCC", "esp:3V3", "red", [ "v0" ] ],
    [ "dht1:GND", "esp:GND.1", "black", [ "v0" ] ],
    [ "ultrasonic1:TRIG", "esp:5", "green", [ "v0" ] ],
    [ "ultrasonic1:ECHO", "esp:18", "green", [ "v0" ] ],
    [ "servo1:PWM", "esp:16", "green", [ "h0" ] ],
    [ "servo1:GND", "esp:GND.2", "black", [ "h0" ] ],
    [ "servo1:V+", "esp:5V", "green", [ "h0" ] ],
    [ "esp:15", "dht1:SDA", "green", [ "v0" ] ],
    [ "pot1:GND", "esp:GND.3", "black", [ "v0" ] ],
    [ "pot1:VCC", "esp:3V3", "red", [ "v0" ] ],
    [ "esp:34", "pot1:SIG", "green", [ "h0" ] ]
  ],
  "dependencies": {}
}